TransactionID,CustomerID,ProductID,TransactionDate,Quantity,Price,TotalValue
TAUG00001,C0001,P085,9/29/22 6:31,3,416.35,1249.05
TAUG00002,C0002,P095,6/19/22 19:13,1,227.26,227.26
TAUG00003,C0002,P027,3/7/22 12:29,2,229.06,458.12
TAUG00004,C0002,P084,7/7/22 4:28,2,337.91,675.82
TAUG00005,C0003,P018,6/20/24 20:19,2,436.89,873.78
TAUG00006,C0003,P071,7/11/24 18:01,1,127.36,127.36
TAUG00007,C0004,P004,4/24/23 12:50,1,95.69,95.69
TAUG00008,C0004,P036,10/31/22 23:48,2,372.55,745.1
TAUG00009,C0004,P029,5/17/23 1:14,3,433.64,1300.92
TAUG00010,C0005,P097,3/1/23 9:38,3,319.34,958.02
TAUG00011,C0005,P098,12/10/22 15:36,3,299.93,899.79
TAUG00012,C0005,P092,8/22/22 5:29,3,389.2,1167.6
TAUG00013,C0006,P049,2/12/24 12:30,3,147.95,443.85
TAUG00014,C0006,P034,10/2/24 19:24,2,217.05,434.1
TAUG00015,C0006,P051,8/20/24 16:23,3,65.16,195.48
TAUG00016,C0007,P008,12/27/22 11:26,1,146.85,146.85
TAUG00017,C0008,P063,10/6/24 3:33,3,33.59,100.77
TAUG00018,C0008,P092,4/18/24 6:59,2,389.2,778.4
TAUG00019,C0009,P019,2/15/24 17:42,3,385.37,1156.11
TAUG00020,C0009,P071,11/7/23 5:27,2,127.36,254.72
TAUG00021,C0009,P014,12/11/23 11:00,1,26.26,26.26
TAUG00022,C0010,P094,3/9/23 6:45,2,447.34,894.68
TAUG00023,C0011,P019,8/22/23 17:59,3,385.37,1156.11
TAUG00024,C0011,P022,5/13/23 17:20,1,137.54,137.54
TAUG00025,C0011,P061,10/3/23 1:47,3,156.96,470.88
TAUG00026,C0012,P097,12/3/24 2:40,1,319.34,319.34
TAUG00027,C0012,P084,1/19/25 5:13,1,337.91,337.91
TAUG00028,C0012,P096,10/1/24 15:04,3,307.47,922.41
TAUG00029,C0013,P093,12/6/24 2:03,1,304.94,304.94
TAUG00030,C0014,P092,7/27/24 16:16,2,389.2,778.4
TAUG00031,C0014,P002,9/20/24 1:42,2,346.3,692.6
TAUG00032,C0014,P013,10/26/24 6:34,1,114.2,114.2
TAUG00033,C0015,P053,12/10/23 9:17,2,274.94,549.88
TAUG00034,C0016,P028,3/4/24 1:22,3,235.58,706.74
TAUG00035,C0016,P073,5/23/24 18:26,1,26.99,26.99
TAUG00036,C0016,P015,4/23/24 10:13,1,158.93,158.93
TAUG00037,C0017,P002,5/27/24 21:05,2,346.3,692.6
TAUG00038,C0017,P096,4/24/24 19:56,2,307.47,614.94
TAUG00039,C0017,P066,6/1/24 5:41,3,337.22,1011.66
TAUG00040,C0018,P035,3/8/25 5:38,1,30.59,30.59
TAUG00041,C0019,P096,2/3/23 2:33,3,307.47,922.41
TAUG00042,C0019,P060,6/22/23 5:30,2,155.65,311.3
TAUG00043,C0020,P070,10/7/24 4:20,2,48.69,97.38
TAUG00044,C0021,P055,10/15/23 15:41,2,128.53,257.06
TAUG00045,C0021,P027,9/10/23 22:21,1,229.06,229.06
TAUG00046,C0021,P095,5/6/23 11:22,2,227.26,454.52
TAUG00047,C0022,P045,6/22/24 20:46,3,481.78,1445.34
TAUG00048,C0022,P006,5/15/24 7:26,2,121.32,242.64
TAUG00049,C0022,P011,4/24/24 11:53,3,261.2,783.6
TAUG00050,C0023,P059,5/10/22 21:13,2,303.2,606.4
TAUG00051,C0024,P014,8/5/24 6:44,3,26.26,78.78
TAUG00052,C0025,P040,4/16/23 20:53,2,153.19,306.38
TAUG00053,C0025,P052,3/7/23 10:41,2,354.81,709.62
TAUG00054,C0025,P061,1/7/23 19:21,2,156.96,313.92
TAUG00055,C0026,P070,9/8/24 5:13,2,48.69,97.38
TAUG00056,C0026,P062,10/11/24 2:10,3,374.16,1122.48
TAUG00057,C0027,P005,1/12/23 21:09,2,429.31,858.62
TAUG00058,C0027,P059,3/6/23 4:30,2,303.2,606.4
TAUG00059,C0028,P092,4/4/25 2:50,2,389.2,778.4
TAUG00060,C0028,P031,12/4/24 8:10,2,196.4,392.8
TAUG00061,C0029,P079,8/31/22 2:33,1,417.37,417.37
TAUG00062,C0029,P094,5/20/22 9:07,1,447.34,447.34
TAUG00063,C0030,P085,8/26/24 23:00,2,416.35,832.7
TAUG00064,C0030,P047,6/6/24 8:51,3,159.33,477.99
TAUG00065,C0030,P078,6/8/24 14:07,3,41.18,123.54
TAUG00066,C0031,P068,7/28/24 4:24,1,447.23,447.23
TAUG00067,C0031,P086,7/20/24 1:17,3,440.7,1322.1
TAUG00068,C0032,P045,5/7/24 3:35,3,481.78,1445.34
TAUG00069,C0033,P093,1/7/25 9:53,1,304.94,304.94
TAUG00070,C0033,P022,5/23/25 21:44,3,137.54,412.62
TAUG00071,C0034,P006,1/22/24 9:39,3,121.32,363.96
TAUG00072,C0035,P075,7/11/25 15:42,2,497.76,995.52
TAUG00073,C0035,P013,2/13/25 22:54,2,114.2,228.4
TAUG00074,C0035,P016,10/14/24 19:03,2,330.05,660.1
TAUG00075,C0036,P082,1/25/25 23:54,1,55.99,55.99
TAUG00076,C0037,P079,10/11/23 8:30,3,417.37,1252.11
TAUG00077,C0037,P014,3/2/23 2:40,1,26.26,26.26
TAUG00078,C0037,P078,4/27/23 12:33,1,41.18,41.18
TAUG00079,C0038,P019,5/16/22 21:27,2,385.37,770.74
TAUG00080,C0039,P037,7/31/25 12:21,3,459.86,1379.58
TAUG00081,C0040,P097,10/20/22 17:05,3,319.34,958.02
TAUG00082,C0041,P037,7/3/24 0:16,3,459.86,1379.58
TAUG00083,C0041,P059,9/23/24 4:03,2,303.2,606.4
TAUG00084,C0042,P058,8/24/23 12:25,3,157.62,472.86
TAUG00085,C0042,P068,11/6/23 19:10,1,447.23,447.23
TAUG00086,C0042,P093,6/16/23 3:11,3,304.94,914.82
TAUG00087,C0043,P093,10/7/23 18:29,3,304.94,914.82
TAUG00088,C0044,P077,2/4/25 10:04,2,265.51,531.02
TAUG00089,C0044,P084,3/27/25 17:09,1,337.91,337.91
TAUG00090,C0044,P059,4/7/25 13:30,3,303.2,909.6
TAUG00091,C0045,P070,9/17/22 14:33,3,48.69,146.07
TAUG00092,C0045,P094,6/15/22 9:04,2,447.34,894.68
TAUG00093,C0046,P067,2/4/25 18:18,3,300.68,902.04
TAUG00094,C0046,P067,1/4/25 18:19,1,300.68,300.68
TAUG00095,C0047,P093,7/13/24 2:12,3,304.94,914.82
TAUG00096,C0047,P031,4/14/24 9:39,2,196.4,392.8
TAUG00097,C0048,P040,1/29/25 20:48,3,153.19,459.57
TAUG00098,C0049,P075,6/25/25 20:44,1,497.76,497.76
TAUG00099,C0050,P079,3/4/24 19:28,2,417.37,834.74
TAUG00100,C0050,P070,9/13/24 16:51,1,48.69,48.69
TAUG00101,C0051,P097,10/10/24 9:59,3,319.34,958.02
TAUG00102,C0051,P075,8/19/24 6:47,1,497.76,497.76
TAUG00103,C0052,P063,6/10/24 19:29,1,33.59,33.59
TAUG00104,C0052,P019,11/3/24 16:22,3,385.37,1156.11
TAUG00105,C0053,P095,4/8/23 2:49,1,227.26,227.26
TAUG00106,C0054,P037,12/9/24 14:33,2,459.86,919.72
TAUG00107,C0054,P057,10/20/24 19:46,2,239.7,479.4
TAUG00108,C0055,P018,3/13/25 4:58,3,436.89,1310.67
TAUG00109,C0056,P100,5/8/24 8:27,1,126.34,126.34
TAUG00110,C0057,P093,5/1/25 13:55,3,304.94,914.82
TAUG00111,C0058,P044,10/27/24 22:09,1,18.82,18.82
TAUG00112,C0058,P043,8/26/24 7:26,2,404.4,808.8
TAUG00113,C0058,P059,3/25/24 3:37,3,303.2,909.6
TAUG00114,C0059,P003,5/14/24 9:24,2,44.12,88.24
TAUG00115,C0060,P066,5/7/22 11:15,1,337.22,337.22
TAUG00116,C0060,P010,6/24/22 0:26,3,350.13,1050.39
TAUG00117,C0061,P059,10/29/23 13:22,3,303.2,909.6
TAUG00118,C0061,P033,10/25/23 17:03,2,64.25,128.5
TAUG00119,C0061,P045,10/14/23 0:51,2,481.78,963.56
TAUG00120,C0062,P083,1/29/23 8:45,1,455.72,455.72
TAUG00121,C0063,P096,2/27/24 5:42,1,307.47,307.47
TAUG00122,C0063,P058,4/29/24 16:18,2,157.62,315.24
TAUG00123,C0064,P025,3/22/24 5:59,3,284.62,853.86
TAUG00124,C0064,P097,7/23/24 3:25,1,319.34,319.34
TAUG00125,C0064,P070,10/25/23 1:23,3,48.69,146.07
TAUG00126,C0065,P039,10/14/24 6:34,1,430.59,430.59
TAUG00127,C0065,P044,7/17/24 22:39,3,18.82,56.46
TAUG00128,C0066,P067,11/19/24 22:28,1,300.68,300.68
TAUG00129,C0066,P033,4/28/25 6:14,2,64.25,128.5
TAUG00130,C0067,P080,8/2/23 20:16,2,303.5,607
TAUG00131,C0068,P025,11/14/23 16:13,3,284.62,853.86
TAUG00132,C0068,P081,12/17/23 21:35,1,66.32,66.32
TAUG00133,C0068,P088,7/13/23 12:29,1,263.55,263.55
TAUG00134,C0069,P007,1/28/24 13:10,1,420.15,420.15
TAUG00135,C0069,P081,6/2/24 15:34,1,66.32,66.32
TAUG00136,C0069,P092,9/4/24 19:35,2,389.2,778.4
TAUG00137,C0070,P012,1/4/23 13:43,3,159.6,478.8
TAUG00138,C0071,P036,9/4/22 20:51,2,372.55,745.1
TAUG00139,C0072,P061,12/19/24 5:54,3,156.96,470.88
TAUG00140,C0072,P082,9/19/24 19:47,1,55.99,55.99
TAUG00141,C0072,P061,1/15/25 16:38,1,156.96,156.96
TAUG00142,C0073,P044,4/26/23 2:26,1,18.82,18.82
TAUG00143,C0074,P091,8/22/22 20:42,3,222.95,668.85
TAUG00144,C0074,P099,2/24/23 8:31,2,354.29,708.58
TAUG00145,C0075,P004,12/4/23 8:35,2,95.69,191.38
TAUG00146,C0075,P063,2/18/24 13:18,3,33.59,100.77
TAUG00147,C0076,P028,2/27/24 6:37,1,235.58,235.58
TAUG00148,C0077,P046,8/11/24 16:22,2,366.07,732.14
TAUG00149,C0077,P078,1/22/24 19:05,2,41.18,82.36
TAUG00150,C0078,P060,8/4/25 14:24,2,155.65,311.3
TAUG00151,C0078,P002,4/11/25 5:06,1,346.3,346.3
TAUG00152,C0078,P035,3/15/25 7:25,3,30.59,91.77
TAUG00153,C0079,P043,5/28/22 8:39,1,404.4,404.4
TAUG00154,C0080,P084,7/22/24 13:22,1,337.91,337.91
TAUG00155,C0080,P019,10/8/24 20:38,3,385.37,1156.11
TAUG00156,C0081,P042,9/14/24 1:55,3,379.44,1138.32
TAUG00157,C0081,P005,8/28/24 8:14,1,429.31,429.31
TAUG00158,C0081,P074,4/4/24 19:44,3,295.58,886.74
TAUG00159,C0082,P074,10/10/22 22:33,3,295.58,886.74
TAUG00160,C0083,P010,12/2/22 10:49,2,350.13,700.26
TAUG00161,C0083,P090,4/20/22 8:55,2,165.3,330.6
TAUG00162,C0084,P043,11/5/24 14:05,3,404.4,1213.2
TAUG00163,C0085,P015,4/3/25 6:38,2,158.93,317.86
TAUG00164,C0085,P013,5/7/25 11:02,2,114.2,228.4
TAUG00165,C0086,P057,2/14/23 23:48,1,239.7,239.7
TAUG00166,C0086,P018,1/18/23 11:26,2,436.89,873.78
TAUG00167,C0087,P019,10/13/24 2:37,2,385.37,770.74
TAUG00168,C0088,P063,11/30/23 17:18,2,33.59,67.18
TAUG00169,C0089,P067,4/18/24 22:00,2,300.68,601.36
TAUG00170,C0089,P063,5/22/24 1:24,3,33.59,100.77
TAUG00171,C0089,P033,9/8/24 7:26,2,64.25,128.5
TAUG00172,C0090,P046,4/23/24 17:46,1,366.07,366.07
TAUG00173,C0090,P082,11/28/23 22:53,2,55.99,111.98
TAUG00174,C0091,P044,10/26/23 17:26,1,18.82,18.82
TAUG00175,C0092,P005,6/17/24 18:50,1,429.31,429.31
TAUG00176,C0093,P061,3/27/25 14:32,2,156.96,313.92
TAUG00177,C0093,P081,4/4/25 6:31,1,66.32,66.32
TAUG00178,C0094,P037,1/25/24 3:57,1,459.86,459.86
TAUG00179,C0094,P032,5/8/24 20:26,1,488.63,488.63
TAUG00180,C0094,P084,6/7/24 4:23,2,337.91,675.82
TAUG00181,C0095,P071,5/20/23 22:15,1,127.36,127.36
TAUG00182,C0096,P096,8/27/23 12:29,1,307.47,307.47
TAUG00183,C0096,P038,1/24/23 21:01,3,147.22,441.66
TAUG00184,C0096,P052,1/13/23 12:20,1,354.81,354.81
TAUG00185,C0097,P068,2/8/24 20:56,1,447.23,447.23
TAUG00186,C0097,P025,2/3/24 3:57,2,284.62,569.24
TAUG00187,C0097,P072,8/22/24 8:37,3,399.34,1198.02
TAUG00188,C0098,P005,2/19/25 17:06,3,429.31,1287.93
TAUG00189,C0099,P021,6/4/23 15:48,1,335.84,335.84
TAUG00190,C0099,P043,5/1/23 15:33,3,404.4,1213.2
TAUG00191,C0099,P016,7/21/23 20:10,2,330.05,660.1
TAUG00192,C0100,P058,6/18/23 9:51,2,157.62,315.24
TAUG00193,C0100,P049,11/4/23 15:39,3,147.95,443.85
TAUG00194,C0100,P030,8/4/23 9:42,1,277.86,277.86
TAUG00195,C0101,P064,4/18/24 7:12,2,452.42,904.84
TAUG00196,C0102,P047,6/29/23 18:48,2,159.33,318.66
TAUG00197,C0103,P044,12/26/22 22:26,1,18.82,18.82
TAUG00198,C0104,P049,6/4/22 10:43,3,147.95,443.85
TAUG00199,C0104,P099,10/30/22 1:22,3,354.29,1062.87
TAUG00200,C0104,P049,8/6/22 13:03,1,147.95,147.95
TAUG00201,C0105,P065,4/16/25 22:27,1,427.61,427.61
TAUG00202,C0105,P033,6/1/25 8:49,1,64.25,64.25
TAUG00203,C0105,P077,8/22/25 22:57,2,265.51,531.02
TAUG00204,C0106,P087,11/27/22 23:47,3,290.17,870.51
TAUG00205,C0106,P039,6/14/23 6:21,1,430.59,430.59
TAUG00206,C0107,P082,5/7/23 19:41,1,55.99,55.99
TAUG00207,C0107,P063,7/9/23 3:17,1,33.59,33.59
TAUG00208,C0108,P032,5/2/23 22:52,3,488.63,1465.89
TAUG00209,C0108,P046,4/18/23 17:24,3,366.07,1098.21
TAUG00210,C0109,P024,5/21/22 9:21,1,338.66,338.66
TAUG00211,C0110,P030,10/8/24 13:16,3,277.86,833.58
TAUG00212,C0111,P050,9/2/25 16:52,2,437.65,875.3
TAUG00213,C0111,P057,6/26/25 9:29,3,239.7,719.1
TAUG00214,C0111,P005,3/21/25 19:31,2,429.31,858.62
TAUG00215,C0112,P068,1/2/23 16:52,1,447.23,447.23
TAUG00216,C0113,P095,7/10/22 15:02,1,227.26,227.26
TAUG00217,C0114,P069,2/20/25 7:05,2,100.81,201.62
TAUG00218,C0114,P012,12/30/24 18:04,1,159.6,159.6
TAUG00219,C0115,P072,9/6/25 19:42,3,399.34,1198.02
TAUG00220,C0115,P086,12/22/24 2:03,1,440.7,440.7
TAUG00221,C0116,P035,5/27/25 11:19,1,30.59,30.59
TAUG00222,C0117,P071,5/18/25 16:30,2,127.36,254.72
TAUG00223,C0117,P070,11/27/24 14:06,2,48.69,97.38
TAUG00224,C0117,P035,5/14/25 17:07,3,30.59,91.77
TAUG00225,C0118,P082,5/25/22 3:59,2,55.99,111.98
TAUG00226,C0118,P050,9/7/22 3:46,3,437.65,1312.95
TAUG00227,C0119,P098,4/11/24 23:36,1,299.93,299.93
TAUG00228,C0119,P061,4/17/24 21:22,3,156.96,470.88
TAUG00229,C0119,P045,1/1/24 10:23,1,481.78,481.78
TAUG00230,C0120,P043,10/11/23 20:59,3,404.4,1213.2
TAUG00231,C0121,P061,12/10/23 9:48,3,156.96,470.88
TAUG00232,C0122,P094,10/23/22 13:11,3,447.34,1342.02
TAUG00233,C0123,P004,12/26/23 2:33,2,95.69,191.38
TAUG00234,C0124,P043,5/8/25 3:33,2,404.4,808.8
TAUG00235,C0124,P044,11/1/24 3:54,1,18.82,18.82
TAUG00236,C0125,P093,6/13/23 19:13,1,304.94,304.94
TAUG00237,C0126,P079,8/12/24 10:20,3,417.37,1252.11
TAUG00238,C0126,P027,9/15/24 18:03,1,229.06,229.06
TAUG00239,C0127,P034,6/15/24 0:17,2,217.05,434.1
TAUG00240,C0128,P084,9/29/23 22:29,3,337.91,1013.73
TAUG00241,C0129,P070,10/12/24 2:24,3,48.69,146.07
TAUG00242,C0130,P041,2/3/24 23:39,1,456.28,456.28
TAUG00243,C0130,P061,6/9/23 16:53,1,156.96,156.96
TAUG00244,C0130,P022,9/21/23 10:26,3,137.54,412.62
TAUG00245,C0131,P063,11/1/22 0:09,2,33.59,67.18
TAUG00246,C0132,P096,8/30/23 4:12,1,307.47,307.47
TAUG00247,C0132,P002,3/24/23 6:03,2,346.3,692.6
TAUG00248,C0132,P073,3/8/23 5:38,3,26.99,80.97
TAUG00249,C0133,P070,3/17/23 13:15,3,48.69,146.07
TAUG00250,C0134,P087,8/19/22 18:57,3,290.17,870.51
TAUG00251,C0134,P060,5/30/22 18:04,3,155.65,466.95
TAUG00252,C0134,P038,8/19/22 6:48,1,147.22,147.22
TAUG00253,C0135,P026,5/13/23 13:18,1,64.38,64.38
TAUG00254,C0135,P088,1/4/23 19:40,1,263.55,263.55
TAUG00255,C0136,P075,7/30/24 11:54,2,497.76,995.52
TAUG00256,C0137,P098,6/25/24 15:29,2,299.93,599.86
TAUG00257,C0138,P096,1/6/25 19:21,2,307.47,614.94
TAUG00258,C0139,P006,9/20/22 1:19,3,121.32,363.96
TAUG00259,C0140,P062,9/19/23 1:15,2,374.16,748.32
TAUG00260,C0140,P059,4/16/24 1:23,1,303.2,303.2
TAUG00261,C0140,P009,7/24/23 14:04,1,325.01,325.01
TAUG00262,C0141,P048,10/31/23 4:21,2,416.4,832.8
TAUG00263,C0141,P065,7/13/23 17:30,2,427.61,855.22
TAUG00264,C0141,P093,5/19/23 7:40,3,304.94,914.82
TAUG00265,C0142,P050,6/6/24 15:05,2,437.65,875.3
TAUG00266,C0142,P078,10/27/24 15:26,2,41.18,82.36
TAUG00267,C0143,P091,9/6/24 9:53,2,222.95,445.9
TAUG00268,C0143,P049,12/7/24 11:32,1,147.95,147.95
TAUG00269,C0143,P014,2/14/25 19:20,2,26.26,52.52
TAUG00270,C0144,P020,4/17/25 15:04,3,396.34,1189.02
TAUG00271,C0144,P082,7/9/25 22:04,1,55.99,55.99
TAUG00272,C0145,P042,5/25/23 9:47,2,379.44,758.88
TAUG00273,C0146,P050,3/3/25 11:01,1,437.65,437.65
TAUG00274,C0146,P037,10/8/24 4:07,2,459.86,919.72
TAUG00275,C0146,P016,6/5/25 10:36,3,330.05,990.15
TAUG00276,C0147,P073,11/28/22 14:18,1,26.99,26.99
TAUG00277,C0147,P099,12/31/22 14:49,2,354.29,708.58
TAUG00278,C0147,P090,6/11/22 21:00,2,165.3,330.6
TAUG00279,C0148,P049,5/11/23 11:24,1,147.95,147.95
TAUG00280,C0149,P062,1/30/23 21:38,3,374.16,1122.48
TAUG00281,C0149,P076,8/21/23 23:11,2,429.29,858.58
TAUG00282,C0150,P020,9/27/22 9:01,2,396.34,792.68
TAUG00283,C0150,P036,10/29/22 16:21,2,372.55,745.1
TAUG00284,C0151,P061,4/3/25 8:12,2,156.96,313.92
TAUG00285,C0152,P059,6/29/22 0:54,1,303.2,303.2
TAUG00286,C0152,P001,10/18/22 13:18,1,169.3,169.3
TAUG00287,C0153,P052,12/15/22 22:38,1,354.81,354.81
TAUG00288,C0153,P062,6/5/22 9:39,2,374.16,748.32
TAUG00289,C0154,P044,11/6/24 16:03,2,18.82,37.64
TAUG00290,C0154,P018,5/30/25 4:46,1,436.89,436.89
TAUG00291,C0154,P007,12/10/24 9:07,3,420.15,1260.45
TAUG00292,C0155,P096,5/22/23 20:07,1,307.47,307.47
TAUG00293,C0155,P020,4/14/23 9:37,1,396.34,396.34
TAUG00294,C0155,P064,4/17/23 7:00,1,452.42,452.42
TAUG00295,C0156,P061,5/20/24 10:38,1,156.96,156.96
TAUG00296,C0157,P077,10/13/24 4:27,3,265.51,796.53
TAUG00297,C0158,P038,11/4/23 10:25,2,147.22,294.44
TAUG00298,C0158,P054,10/4/23 10:00,3,57.3,171.9
TAUG00299,C0159,P008,3/19/23 1:42,3,146.85,440.55
TAUG00300,C0159,P022,12/19/22 15:37,3,137.54,412.62
TAUG00301,C0159,P084,9/22/22 11:51,3,337.91,1013.73
TAUG00302,C0160,P037,8/10/22 6:49,1,459.86,459.86
TAUG00303,C0161,P074,5/28/22 21:17,3,295.58,886.74
TAUG00304,C0161,P040,9/12/22 5:02,2,153.19,306.38
TAUG00305,C0161,P035,4/13/22 22:50,2,30.59,61.18
TAUG00306,C0162,P055,5/5/22 14:34,1,128.53,128.53
TAUG00307,C0162,P066,11/22/22 22:09,1,337.22,337.22
TAUG00308,C0162,P091,4/30/22 2:54,2,222.95,445.9
TAUG00309,C0163,P099,1/2/24 15:44,2,354.29,708.58
TAUG00310,C0163,P043,6/26/23 4:43,2,404.4,808.8
TAUG00311,C0164,P092,6/12/23 20:12,1,389.2,389.2
TAUG00312,C0164,P094,7/1/23 19:51,3,447.34,1342.02
TAUG00313,C0165,P010,12/7/22 18:57,3,350.13,1050.39
TAUG00314,C0166,P030,6/24/22 12:03,2,277.86,555.72
TAUG00315,C0167,P013,4/12/24 12:35,1,114.2,114.2
TAUG00316,C0168,P014,3/30/23 5:06,1,26.26,26.26
TAUG00317,C0169,P052,12/6/23 14:41,2,354.81,709.62
TAUG00318,C0169,P082,7/2/23 3:05,1,55.99,55.99
TAUG00319,C0169,P021,12/15/23 22:04,1,335.84,335.84
TAUG00320,C0170,P080,6/11/24 10:34,3,303.5,910.5
TAUG00321,C0171,P008,7/25/23 17:50,3,146.85,440.55
TAUG00322,C0171,P043,8/29/23 8:08,2,404.4,808.8
TAUG00323,C0172,P094,10/2/24 0:22,2,447.34,894.68
TAUG00324,C0172,P035,9/18/24 6:08,3,30.59,91.77
TAUG00325,C0173,P055,11/24/22 13:17,2,128.53,257.06
TAUG00326,C0173,P097,4/19/23 17:45,3,319.34,958.02
TAUG00327,C0173,P015,11/20/22 10:34,2,158.93,317.86
TAUG00328,C0174,P001,8/26/23 4:00,1,169.3,169.3
TAUG00329,C0175,P054,4/25/22 11:21,1,57.3,57.3
TAUG00330,C0175,P014,10/3/22 7:05,3,26.26,78.78
TAUG00331,C0175,P042,5/10/22 11:45,1,379.44,379.44
TAUG00332,C0176,P071,1/6/23 3:25,3,127.36,382.08
TAUG00333,C0177,P038,6/20/24 17:06,2,147.22,294.44
TAUG00334,C0177,P082,2/6/25 11:25,2,55.99,111.98
TAUG00335,C0177,P018,1/26/25 21:56,2,436.89,873.78
TAUG00336,C0178,P091,12/13/23 6:54,3,222.95,668.85
TAUG00337,C0178,P014,8/23/24 23:52,2,26.26,52.52
TAUG00338,C0179,P092,5/26/23 3:01,3,389.2,1167.6
TAUG00339,C0179,P093,7/26/23 12:32,2,304.94,609.88
TAUG00340,C0179,P040,7/27/23 9:52,2,153.19,306.38
TAUG00341,C0180,P011,1/7/24 2:14,1,261.2,261.2
TAUG00342,C0180,P011,4/18/24 1:45,3,261.2,783.6
TAUG00343,C0180,P041,8/11/24 23:03,3,456.28,1368.84
TAUG00344,C0181,P009,3/13/24 4:11,2,325.01,650.02
TAUG00345,C0181,P064,4/16/24 23:06,1,452.42,452.42
TAUG00346,C0182,P073,9/6/25 14:33,2,26.99,53.98
TAUG00347,C0182,P047,8/3/25 6:26,3,159.33,477.99
TAUG00348,C0183,P088,6/30/24 6:38,2,263.55,527.1
TAUG00349,C0183,P088,8/28/24 21:06,2,263.55,527.1
TAUG00350,C0183,P077,9/7/24 4:30,1,265.51,265.51
TAUG00351,C0184,P045,12/27/22 21:35,3,481.78,1445.34
TAUG00352,C0184,P020,10/25/22 3:27,1,396.34,396.34
TAUG00353,C0184,P056,3/2/23 10:24,3,16.08,48.24
TAUG00354,C0185,P060,3/13/24 16:04,3,155.65,466.95
TAUG00355,C0185,P009,1/10/24 4:08,3,325.01,975.03
TAUG00356,C0186,P035,6/14/24 12:17,3,30.59,91.77
TAUG00357,C0187,P090,8/23/24 8:26,1,165.3,165.3
TAUG00358,C0187,P039,1/13/25 4:15,2,430.59,861.18
TAUG00359,C0187,P051,4/25/25 0:27,3,65.16,195.48
TAUG00360,C0188,P088,3/8/23 4:55,3,263.55,790.65
TAUG00361,C0189,P035,9/20/24 13:51,3,30.59,91.77
TAUG00362,C0189,P047,5/10/24 10:37,1,159.33,159.33
TAUG00363,C0190,P092,7/25/24 4:44,1,389.2,389.2
TAUG00364,C0190,P011,9/18/24 5:05,2,261.2,522.4
TAUG00365,C0191,P077,6/26/24 10:42,3,265.51,796.53
TAUG00366,C0192,P016,4/18/23 21:05,1,330.05,330.05
TAUG00367,C0192,P035,1/2/23 14:08,1,30.59,30.59
TAUG00368,C0193,P097,4/14/23 14:02,3,319.34,958.02
TAUG00369,C0194,P081,8/14/24 19:18,2,66.32,132.64
TAUG00370,C0195,P049,3/28/25 8:53,2,147.95,295.9
TAUG00371,C0195,P069,2/25/25 23:49,1,100.81,100.81
TAUG00372,C0196,P038,10/14/22 15:55,3,147.22,441.66
TAUG00373,C0196,P024,1/23/23 10:50,2,338.66,677.32
TAUG00374,C0197,P041,4/17/23 5:44,3,456.28,1368.84
TAUG00375,C0198,P021,4/20/22 5:38,3,335.84,1007.52
TAUG00376,C0199,P094,8/16/23 6:58,3,447.34,1342.02
TAUG00377,C0200,P015,7/7/23 17:49,3,158.93,476.79
TAUG00378,C0200,P051,8/11/23 8:54,3,65.16,195.48
TAUG00379,CFAKE0001,P020,7/19/24 22:04,2,396.34,792.68
TAUG00380,CFAKE0002,P068,11/27/23 21:02,1,447.23,447.23
TAUG00381,CFAKE0002,P094,5/30/23 1:50,1,447.34,447.34
TAUG00382,CFAKE0003,P072,4/15/24 22:23,2,399.34,798.68
TAUG00383,CFAKE0004,P096,6/30/23 23:53,2,307.47,614.94
TAUG00384,CFAKE0005,P076,9/23/23 17:32,2,429.29,858.58
TAUG00385,CFAKE0006,P079,9/7/23 23:23,1,417.37,417.37
TAUG00386,CFAKE0006,P096,6/13/23 5:41,1,307.47,307.47
TAUG00387,CFAKE0006,P013,5/15/23 21:51,2,114.2,228.4
TAUG00388,CFAKE0007,P098,9/10/23 9:23,3,299.93,899.79
TAUG00389,CFAKE0007,P070,4/22/23 4:54,2,48.69,97.38
TAUG00390,CFAKE0008,P008,7/31/23 7:09,1,146.85,146.85
TAUG00391,CFAKE0009,P031,8/22/23 22:21,3,196.4,589.2
TAUG00392,CFAKE0009,P011,6/27/23 1:05,3,261.2,783.6
TAUG00393,CFAKE0009,P054,10/19/23 17:56,1,57.3,57.3
TAUG00394,CFAKE0010,P087,2/6/24 1:45,2,290.17,580.34
TAUG00395,CFAKE0010,P055,6/29/24 19:50,1,128.53,128.53
TAUG00396,CFAKE0011,P079,3/12/24 5:41,1,417.37,417.37
TAUG00397,CFAKE0012,P044,11/12/23 7:01,3,18.82,56.46
TAUG00398,CFAKE0013,P006,6/21/24 5:49,2,121.32,242.64
TAUG00399,CFAKE0013,P094,5/20/24 18:54,2,447.34,894.68
TAUG00400,CFAKE0014,P002,2/8/24 23:43,1,346.3,346.3
TAUG00401,CFAKE0014,P076,4/19/24 20:01,1,429.29,429.29
TAUG00402,CFAKE0015,P030,10/20/23 8:05,1,277.86,277.86
TAUG00403,CFAKE0016,P010,5/1/24 7:39,1,350.13,350.13
TAUG00404,CFAKE0016,P010,1/18/24 8:24,1,350.13,350.13
TAUG00405,CFAKE0017,P054,5/23/23 18:56,1,57.3,57.3
TAUG00406,CFAKE0017,P085,5/6/23 1:14,1,416.35,416.35
TAUG00407,CFAKE0018,P026,12/19/23 20:51,2,64.38,128.76
TAUG00408,CFAKE0019,P044,7/20/23 3:03,3,18.82,56.46
TAUG00409,CFAKE0019,P069,11/4/23 15:50,2,100.81,201.62
TAUG00410,CFAKE0020,P019,10/5/23 12:35,1,385.37,385.37
TAUG00411,CFAKE0021,P061,11/10/23 5:56,1,156.96,156.96
TAUG00412,CFAKE0022,P050,6/9/23 11:39,3,437.65,1312.95
TAUG00413,CFAKE0022,P044,5/19/23 20:17,3,18.82,56.46
TAUG00414,CFAKE0022,P028,4/20/23 17:36,2,235.58,471.16
TAUG00415,CFAKE0023,P061,5/3/23 17:10,1,156.96,156.96
TAUG00416,CFAKE0024,P029,3/30/24 14:34,2,433.64,867.28
TAUG00417,CFAKE0024,P018,7/7/24 17:14,2,436.89,873.78
TAUG00418,CFAKE0025,P027,5/14/23 3:25,3,229.06,687.18
TAUG00419,CFAKE0026,P024,7/17/24 9:34,2,338.66,677.32
TAUG00420,CFAKE0026,P058,5/3/24 14:47,3,157.62,472.86
TAUG00421,CFAKE0027,P099,11/10/23 9:43,3,354.29,1062.87
TAUG00422,CFAKE0027,P073,7/31/23 1:59,1,26.99,26.99
TAUG00423,CFAKE0027,P060,4/3/23 20:13,1,155.65,155.65
TAUG00424,CFAKE0028,P029,9/11/23 3:02,1,433.64,433.64
TAUG00425,CFAKE0028,P007,6/30/23 21:02,1,420.15,420.15
TAUG00426,CFAKE0029,P061,4/3/23 18:36,3,156.96,470.88
TAUG00427,CFAKE0029,P029,5/12/23 0:16,3,433.64,1300.92
TAUG00428,CFAKE0030,P098,6/7/23 0:15,2,299.93,599.86
TAUG00429,CFAKE0031,P023,10/28/23 17:25,2,454.53,909.06
TAUG00430,CFAKE0032,P058,5/6/23 4:02,2,157.62,315.24
TAUG00431,CFAKE0032,P005,4/27/23 21:09,2,429.31,858.62
TAUG00432,CFAKE0033,P059,4/1/24 4:30,2,303.2,606.4
TAUG00433,CFAKE0034,P092,6/26/24 2:50,2,389.2,778.4
TAUG00434,CFAKE0034,P031,2/26/24 8:10,2,196.4,392.8
TAUG00435,CFAKE0035,P079,6/21/23 2:33,1,417.37,417.37
TAUG00436,CFAKE0035,P094,3/10/23 9:07,1,447.34,447.34
TAUG00437,CFAKE0036,P085,10/17/23 23:00,2,416.35,832.7
TAUG00438,CFAKE0036,P047,7/28/23 8:51,3,159.33,477.99
TAUG00439,CFAKE0036,P078,7/30/23 14:07,3,41.18,123.54
TAUG00440,CFAKE0037,P068,6/7/23 4:24,1,447.23,447.23
TAUG00441,CFAKE0037,P086,5/30/23 1:17,3,440.7,1322.1
TAUG00442,CFAKE0038,P045,1/22/23 3:35,3,481.78,1445.34
TAUG00443,CFAKE0039,P093,7/29/23 9:53,1,304.94,304.94
TAUG00444,CFAKE0039,P022,12/12/23 21:44,3,137.54,412.62
TAUG00445,CFAKE0040,P006,1/12/24 9:39,3,121.32,363.96
TAUG00446,CFAKE0041,P075,4/18/24 15:42,2,497.76,995.52
TAUG00447,CFAKE0041,P013,11/22/23 22:54,2,114.2,228.4
TAUG00448,CFAKE0041,P016,7/23/23 19:03,2,330.05,660.1
TAUG00449,CFAKE0042,P082,2/25/24 23:54,1,55.99,55.99
TAUG00450,CFAKE0043,P079,2/15/24 8:30,3,417.37,1252.11
TAUG00451,CFAKE0043,P014,7/7/23 2:40,1,26.26,26.26
TAUG00452,CFAKE0043,P078,9/1/23 12:33,1,41.18,41.18
TAUG00453,CFAKE0044,P019,10/27/23 21:27,2,385.37,770.74
TAUG00454,CFAKE0045,P037,8/17/24 12:21,3,459.86,1379.58
TAUG00455,CFAKE0046,P097,3/17/24 17:05,3,319.34,958.02
TAUG00456,CFAKE0047,P037,1/14/24 0:16,3,459.86,1379.58
TAUG00457,CFAKE0047,P059,4/5/24 4:03,2,303.2,606.4
TAUG00458,CFAKE0048,P058,1/10/24 12:25,3,157.62,472.86
TAUG00459,CFAKE0048,P068,3/24/24 19:10,1,447.23,447.23
TAUG00460,CFAKE0048,P093,11/2/23 3:11,3,304.94,914.82
TAUG00461,CFAKE0049,P093,4/25/24 18:29,3,304.94,914.82
TAUG00462,CFAKE0050,P077,9/19/23 10:04,2,265.51,531.02
TAUG00463,CFAKE0050,P084,11/9/23 17:09,1,337.91,337.91
TAUG00464,CFAKE0050,P059,11/20/23 13:30,3,303.2,909.6
TAUG00465,CFAKE0051,P070,2/25/24 14:33,3,48.69,146.07
TAUG00466,CFAKE0051,P094,11/23/23 9:04,2,447.34,894.68
TAUG00467,CFAKE0052,P067,10/19/23 18:18,3,300.68,902.04
TAUG00468,CFAKE0053,P056,2/14/23 18:19,1,16.08,16.08
TAUG00469,CFAKE0054,P093,5/8/23 2:12,3,304.94,914.82
TAUG00470,CFAKE0054,P031,2/7/23 9:39,2,196.4,392.8
TAUG00471,CFAKE0055,P040,5/28/23 20:48,3,153.19,459.57
TAUG00472,CFAKE0056,P075,8/29/24 20:44,1,497.76,497.76
TAUG00473,CFAKE0057,P079,12/12/23 19:28,2,417.37,834.74
TAUG00474,CFAKE0057,P070,6/22/24 16:51,1,48.69,48.69
TAUG00475,CFAKE0058,P097,3/5/24 9:59,3,319.34,958.02
TAUG00476,CFAKE0058,P075,1/13/24 6:47,1,497.76,497.76
TAUG00477,CFAKE0059,P063,6/23/23 19:29,1,33.59,33.59
TAUG00478,CFAKE0059,P019,11/16/23 16:22,3,385.37,1156.11
TAUG00479,CFAKE0060,P095,1/10/24 2:49,1,227.26,227.26
TAUG00480,CFAKE0061,P037,8/22/23 14:33,2,459.86,919.72
TAUG00481,CFAKE0061,P057,7/3/23 19:46,2,239.7,479.4
TAUG00482,CFAKE0062,P018,2/15/24 4:58,3,436.89,1310.67
TAUG00483,CFAKE0063,P100,10/14/23 8:27,1,126.34,126.34
TAUG00484,CFAKE0064,P093,5/23/24 13:55,3,304.94,914.82
TAUG00485,CFAKE0065,P044,11/10/23 22:09,1,18.82,18.82
TAUG00486,CFAKE0065,P043,9/9/23 7:26,2,404.4,808.8
TAUG00487,CFAKE0066,P066,8/30/23 13:35,1,337.22,337.22
TAUG00488,CFAKE0066,P065,6/19/23 12:06,3,427.61,1282.83
TAUG00489,CFAKE0067,P073,7/26/24 7:56,2,26.99,53.98
TAUG00490,CFAKE0068,P002,3/31/23 19:03,3,346.3,1038.9
TAUG00491,CFAKE0069,P090,12/8/23 22:36,1,165.3,165.3
TAUG00492,CFAKE0070,P014,5/29/24 14:34,1,26.26,26.26
TAUG00493,CFAKE0070,P097,5/29/24 0:51,2,319.34,638.68
TAUG00494,CFAKE0071,P083,8/6/23 8:45,1,455.72,455.72
TAUG00495,CFAKE0072,P096,8/24/23 5:42,1,307.47,307.47
TAUG00496,CFAKE0073,P040,4/29/23 16:18,2,153.19,306.38
TAUG00497,CFAKE0073,P100,7/6/23 10:39,2,126.34,252.68
TAUG00498,CFAKE0073,P053,11/6/23 3:25,1,274.94,274.94
TAUG00499,CFAKE0074,P097,8/18/23 1:23,3,319.34,958.02
TAUG00500,CFAKE0074,P039,11/19/23 6:34,1,430.59,430.59
TAUG00501,CFAKE0074,P044,8/22/23 22:39,3,18.82,56.46
TAUG00502,CFAKE0075,P067,5/15/23 22:28,1,300.68,300.68
TAUG00503,CFAKE0075,P033,10/22/23 6:14,2,64.25,128.5
TAUG00504,CFAKE0076,P080,2/1/23 20:16,2,303.5,607
TAUG00505,CFAKE0077,P025,4/23/24 16:13,3,284.62,853.86
TAUG00506,CFAKE0077,P081,5/26/24 21:35,1,66.32,66.32
TAUG00507,CFAKE0077,P088,12/21/23 12:29,1,263.55,263.55
TAUG00508,CFAKE0078,P007,2/19/24 13:10,1,420.15,420.15
TAUG00509,CFAKE0078,P081,6/24/24 15:34,1,66.32,66.32
TAUG00510,CFAKE0078,P092,9/26/24 19:35,2,389.2,778.4
TAUG00511,CFAKE0079,P012,5/16/24 13:43,3,159.6,478.8
TAUG00512,CFAKE0080,P036,2/15/24 20:51,2,372.55,745.1
TAUG00513,CFAKE0081,P061,11/23/23 5:54,3,156.96,470.88
TAUG00514,CFAKE0081,P082,8/24/23 19:47,1,55.99,55.99
TAUG00515,CFAKE0081,P061,12/20/23 16:38,1,156.96,156.96
TAUG00516,CFAKE0082,P044,8/23/24 2:26,1,18.82,18.82
TAUG00517,CFAKE0083,P091,11/24/23 20:42,3,222.95,668.85
TAUG00518,CFAKE0083,P099,5/28/24 8:31,2,354.29,708.58
TAUG00519,CFAKE0084,P004,11/9/23 8:35,2,95.69,191.38
TAUG00520,CFAKE0084,P063,1/24/24 13:18,3,33.59,100.77
TAUG00521,CFAKE0085,P028,8/26/23 6:37,1,235.58,235.58
TAUG00522,CFAKE0086,P046,6/12/24 16:22,2,366.07,732.14
TAUG00523,CFAKE0086,P078,11/23/23 19:05,2,41.18,82.36
TAUG00524,CFAKE0087,P060,2/11/24 14:24,2,155.65,311.3
TAUG00525,CFAKE0087,P002,10/19/23 5:06,1,346.3,346.3
TAUG00526,CFAKE0087,P035,9/22/23 7:25,3,30.59,91.77
TAUG00527,CFAKE0088,P043,5/24/23 8:39,1,404.4,404.4
TAUG00528,CFAKE0089,P084,6/28/23 13:22,1,337.91,337.91
TAUG00529,CFAKE0089,P019,9/14/23 20:38,3,385.37,1156.11
TAUG00530,CFAKE0090,P042,6/13/24 1:55,3,379.44,1138.32
TAUG00531,CFAKE0090,P005,5/27/24 8:14,1,429.31,429.31
TAUG00532,CFAKE0091,P075,10/10/23 19:44,3,497.76,1493.28
TAUG00533,CFAKE0092,P074,3/9/24 22:33,3,295.58,886.74
TAUG00534,CFAKE0093,P010,2/13/24 10:49,2,350.13,700.26
TAUG00535,CFAKE0093,P090,7/2/23 8:55,2,165.3,330.6
TAUG00536,CFAKE0094,P043,4/21/23 14:05,3,404.4,1213.2
TAUG00537,CFAKE0095,P015,11/23/23 6:38,2,158.93,317.86
TAUG00538,CFAKE0096,P056,9/12/23 11:02,2,16.08,32.16
TAUG00539,CFAKE0096,P057,6/26/23 23:48,1,239.7,239.7
TAUG00540,CFAKE0097,P018,6/15/23 11:26,2,436.89,873.78
TAUG00541,CFAKE0098,P019,4/15/24 2:37,2,385.37,770.74
TAUG00542,CFAKE0099,P063,6/14/24 17:18,2,33.59,67.18
TAUG00543,CFAKE0100,P067,12/30/23 22:00,2,300.68,601.36
TAUG00544,CFAKE0100,P063,2/2/24 1:24,3,33.59,100.77
TAUG00545,CFAKE0100,P033,5/21/24 7:26,2,64.25,128.5
TAUG00546,CFAKE0101,P046,2/24/24 17:46,1,366.07,366.07
TAUG00547,CFAKE0101,P082,9/30/23 22:53,2,55.99,111.98
TAUG00548,CFAKE0102,P044,3/24/24 17:26,1,18.82,18.82
TAUG00549,CFAKE0103,P005,10/29/23 18:50,1,429.31,429.31
TAUG00550,CFAKE0104,P061,1/13/24 14:32,2,156.96,313.92
TAUG00551,CFAKE0104,P081,1/21/24 6:31,1,66.32,66.32
TAUG00552,CFAKE0105,P037,12/30/23 3:57,1,459.86,459.86
TAUG00553,CFAKE0105,P032,4/12/24 20:26,1,488.63,488.63
TAUG00554,CFAKE0105,P084,5/12/24 4:23,2,337.91,675.82
TAUG00555,CFAKE0106,P071,3/11/24 22:15,1,127.36,127.36
TAUG00556,CFAKE0107,P096,2/23/24 12:29,1,307.47,307.47
TAUG00557,CFAKE0107,P038,7/23/23 21:01,3,147.22,441.66
TAUG00558,CFAKE0107,P052,7/12/23 12:20,1,354.81,354.81
TAUG00559,CFAKE0108,P068,8/5/23 20:56,1,447.23,447.23
TAUG00560,CFAKE0108,P025,7/31/23 3:57,2,284.62,569.24
TAUG00561,CFAKE0109,P050,7/8/24 8:37,3,437.65,1312.95
TAUG00562,CFAKE0109,P005,3/3/24 17:06,3,429.31,1287.93
TAUG00563,CFAKE0110,P021,10/25/23 15:48,1,335.84,335.84
TAUG00564,CFAKE0110,P043,9/21/23 15:33,3,404.4,1213.2
TAUG00565,CFAKE0110,P016,12/11/23 20:10,2,330.05,660.1
TAUG00566,CFAKE0111,P058,2/13/24 9:51,2,157.62,315.24
TAUG00567,CFAKE0111,P049,7/1/24 15:39,3,147.95,443.85
TAUG00568,CFAKE0111,P030,3/31/24 9:42,1,277.86,277.86
TAUG00569,CFAKE0112,P064,12/27/23 7:12,2,452.42,904.84
TAUG00570,CFAKE0113,P047,6/2/24 18:48,2,159.33,318.66
TAUG00571,CFAKE0114,P044,12/4/23 22:26,1,18.82,18.82
TAUG00572,CFAKE0115,P049,6/15/23 10:43,3,147.95,443.85
TAUG00573,CFAKE0115,P099,11/10/23 1:22,3,354.29,1062.87
TAUG00574,CFAKE0115,P049,8/17/23 13:03,1,147.95,147.95
TAUG00575,CFAKE0116,P065,3/26/24 22:27,1,427.61,427.61
TAUG00576,CFAKE0116,P033,5/11/24 8:49,1,64.25,64.25
TAUG00577,CFAKE0116,P077,8/1/24 22:57,2,265.51,531.02
TAUG00578,CFAKE0117,P087,6/28/23 23:47,3,290.17,870.51
TAUG00579,CFAKE0117,P039,1/13/24 6:21,1,430.59,430.59
TAUG00580,CFAKE0118,P082,7/21/23 19:41,1,55.99,55.99
TAUG00581,CFAKE0118,P063,9/22/23 3:17,1,33.59,33.59
TAUG00582,CFAKE0119,P032,10/24/23 22:52,3,488.63,1465.89
TAUG00583,CFAKE0120,P067,7/26/23 17:11,3,300.68,902.04
TAUG00584,CFAKE0120,P098,1/12/24 1:45,3,299.93,899.79
TAUG00585,CFAKE0121,P093,6/23/23 15:00,2,304.94,609.88
TAUG00586,CFAKE0121,P060,12/16/23 20:51,2,155.65,311.3
TAUG00587,CFAKE0121,P058,12/21/23 9:29,3,157.62,472.86
TAUG00588,CFAKE0122,P005,7/1/23 19:31,2,429.31,858.62
TAUG00589,CFAKE0123,P068,2/7/24 16:52,1,447.23,447.23
TAUG00590,CFAKE0124,P095,5/29/23 15:02,1,227.26,227.26
TAUG00591,CFAKE0125,P069,5/27/23 7:05,2,100.81,201.62
TAUG00592,CFAKE0125,P012,4/5/23 18:04,1,159.6,159.6
TAUG00593,CFAKE0126,P072,5/31/24 19:42,3,399.34,1198.02
TAUG00594,CFAKE0126,P086,9/16/23 2:03,1,440.7,440.7
TAUG00595,CFAKE0127,P035,3/31/24 11:19,1,30.59,30.59
TAUG00596,CFAKE0128,P071,2/28/24 16:30,2,127.36,254.72
TAUG00597,CFAKE0128,P070,9/9/23 14:06,2,48.69,97.38
TAUG00598,CFAKE0128,P035,2/24/24 17:07,3,30.59,91.77
TAUG00599,CFAKE0129,P082,11/22/23 3:59,2,55.99,111.98
TAUG00600,CFAKE0129,P050,3/6/24 3:46,3,437.65,1312.95
TAUG00601,CFAKE0130,P098,9/30/23 23:36,1,299.93,299.93
TAUG00602,CFAKE0130,P061,10/6/23 21:22,3,156.96,470.88
TAUG00603,CFAKE0131,P066,10/31/23 10:23,1,337.22,337.22
TAUG00604,CFAKE0131,P041,6/9/24 20:59,3,456.28,1368.84
TAUG00605,CFAKE0132,P061,2/24/24 9:48,3,156.96,470.88
TAUG00606,CFAKE0133,P094,9/25/23 13:11,3,447.34,1342.02
TAUG00607,CFAKE0134,P004,10/18/23 2:33,2,95.69,191.38
TAUG00608,CFAKE0135,P043,12/18/23 3:33,2,404.4,808.8
TAUG00609,CFAKE0136,P026,7/10/23 3:54,1,64.38,64.38
TAUG00610,CFAKE0137,P093,5/17/24 19:13,1,304.94,304.94
TAUG00611,CFAKE0138,P079,6/6/24 10:20,3,417.37,1252.11
TAUG00612,CFAKE0138,P027,7/10/24 18:03,1,229.06,229.06
TAUG00613,CFAKE0139,P034,8/8/23 0:17,2,217.05,434.1
TAUG00614,CFAKE0140,P084,4/13/24 22:29,3,337.91,1013.73
TAUG00615,CFAKE0141,P070,11/24/23 2:24,3,48.69,146.07
TAUG00616,CFAKE0142,P041,10/3/24 23:39,1,456.28,456.28
TAUG00617,CFAKE0142,P061,2/7/24 16:53,1,156.96,156.96
TAUG00618,CFAKE0143,P022,4/7/24 10:26,3,137.54,412.62
TAUG00619,CFAKE0143,P062,4/1/24 0:09,2,374.16,748.32
TAUG00620,CFAKE0143,P091,6/1/24 4:12,1,222.95,222.95
TAUG00621,CFAKE0144,P002,6/28/23 6:03,2,346.3,692.6
TAUG00622,CFAKE0144,P073,6/12/23 5:38,3,26.99,80.97
TAUG00623,CFAKE0145,P070,12/10/23 13:15,3,48.69,146.07
TAUG00624,CFAKE0146,P087,11/6/23 18:57,3,290.17,870.51
TAUG00625,CFAKE0146,P060,8/17/23 18:04,3,155.65,466.95
TAUG00626,CFAKE0146,P038,11/6/23 6:48,1,147.22,147.22
TAUG00627,CFAKE0147,P026,2/18/24 13:18,1,64.38,64.38
TAUG00628,CFAKE0147,P088,10/12/23 19:40,1,263.55,263.55
TAUG00629,CFAKE0148,P075,3/11/24 11:54,2,497.76,995.52
TAUG00630,CFAKE0149,P098,12/6/23 15:29,2,299.93,599.86
TAUG00631,CFAKE0150,P096,7/29/23 19:21,2,307.47,614.94
TAUG00632,CFAKE0151,P006,10/29/23 1:19,3,121.32,363.96
TAUG00633,CFAKE0152,P062,5/20/23 1:15,2,374.16,748.32
TAUG00634,CFAKE0152,P059,12/16/23 1:23,1,303.2,303.2
TAUG00635,CFAKE0153,P009,1/25/23 14:04,1,325.01,325.01
TAUG00636,CFAKE0153,P012,9/9/23 4:21,2,159.6,319.2
TAUG00637,CFAKE0154,P065,3/19/24 17:30,2,427.61,855.22
TAUG00638,CFAKE0155,P014,6/26/23 5:18,3,26.26,78.78
TAUG00639,CFAKE0155,P006,7/21/23 9:42,1,121.32,121.32
TAUG00640,CFAKE0156,P079,8/25/23 23:28,2,417.37,834.74
TAUG00641,CFAKE0156,P091,9/10/23 22:22,3,222.95,668.85
TAUG00642,CFAKE0156,P058,6/13/23 8:02,1,157.62,157.62
TAUG00643,CFAKE0157,P091,9/4/23 1:22,1,222.95,222.95
TAUG00644,CFAKE0158,P058,10/22/23 12:35,1,157.62,157.62
TAUG00645,CFAKE0159,P097,12/25/23 15:28,1,319.34,319.34
TAUG00646,CFAKE0160,P068,7/2/23 23:11,3,447.23,1341.69
TAUG00647,CFAKE0161,P069,6/20/23 16:30,1,100.81,100.81
TAUG00648,CFAKE0162,P004,8/23/23 8:05,3,95.69,287.07
TAUG00649,CFAKE0162,P051,10/26/23 10:36,3,65.16,195.48
TAUG00650,CFAKE0162,P078,11/12/23 14:18,1,41.18,41.18
TAUG00651,CFAKE0163,P031,1/20/24 14:49,2,196.4,392.8
TAUG00652,CFAKE0164,P091,5/19/23 21:00,2,222.95,445.9
TAUG00653,CFAKE0165,P049,5/9/23 11:24,1,147.95,147.95
TAUG00654,CFAKE0166,P062,9/20/23 21:38,3,374.16,1122.48
TAUG00655,CFAKE0167,P076,11/20/23 23:11,2,429.29,858.58
TAUG00656,CFAKE0167,P053,10/26/23 19:26,2,274.94,549.88
TAUG00657,CFAKE0168,P064,1/27/24 2:58,1,452.42,452.42
TAUG00658,CFAKE0168,P082,10/19/23 13:28,2,55.99,111.98
TAUG00659,CFAKE0168,P048,12/27/23 10:23,2,416.4,832.8
TAUG00660,CFAKE0169,P014,8/11/24 3:26,1,26.26,26.26
TAUG00661,CFAKE0169,P056,8/19/24 3:28,1,16.08,16.08
TAUG00662,CFAKE0170,P088,6/27/24 8:40,1,263.55,263.55
TAUG00663,CFAKE0171,P007,11/30/23 17:52,3,420.15,1260.45
TAUG00664,CFAKE0172,P027,12/7/23 7:36,1,229.06,229.06
TAUG00665,CFAKE0173,P040,10/11/23 13:27,3,153.19,459.57
TAUG00666,CFAKE0173,P096,2/12/24 7:33,3,307.47,922.41
TAUG00667,CFAKE0174,P093,2/25/24 15:45,3,304.94,914.82
TAUG00668,CFAKE0174,P030,1/10/24 0:42,2,277.86,555.72
TAUG00669,CFAKE0175,P010,7/14/24 20:19,3,350.13,1050.39
TAUG00670,CFAKE0175,P087,1/5/24 0:46,2,290.17,580.34
TAUG00671,CFAKE0175,P094,6/27/24 9:56,3,447.34,1342.02
TAUG00672,CFAKE0176,P051,5/22/24 14:42,2,65.16,130.32
TAUG00673,CFAKE0177,P022,6/3/23 1:58,2,137.54,275.08
TAUG00674,CFAKE0178,P049,1/21/24 7:53,2,147.95,295.9
TAUG00675,CFAKE0179,P046,11/24/23 0:12,3,366.07,1098.21
TAUG00676,CFAKE0179,P070,1/1/24 13:56,3,48.69,146.07
TAUG00677,CFAKE0179,P069,1/18/24 21:08,1,100.81,100.81
TAUG00678,CFAKE0180,P002,7/6/23 12:36,2,346.3,692.6
TAUG00679,CFAKE0180,P079,6/8/23 21:48,1,417.37,417.37
TAUG00680,CFAKE0180,P068,9/15/23 22:23,1,447.23,447.23
TAUG00681,CFAKE0181,P079,7/14/23 7:39,1,417.37,417.37
TAUG00682,CFAKE0182,P022,10/5/23 1:15,3,137.54,412.62
TAUG00683,CFAKE0183,P001,10/31/23 4:30,1,169.3,169.3
TAUG00684,CFAKE0184,P019,11/14/23 18:22,3,385.37,1156.11
TAUG00685,CFAKE0185,P096,11/7/23 17:45,3,307.47,922.41
TAUG00686,CFAKE0186,P092,10/15/23 20:12,1,389.2,389.2
TAUG00687,CFAKE0186,P094,11/3/23 19:51,3,447.34,1342.02
TAUG00688,CFAKE0186,P075,6/2/24 18:57,3,497.76,1493.28
TAUG00689,CFAKE0187,P030,8/16/23 12:03,2,277.86,555.72
TAUG00690,CFAKE0188,P013,1/28/24 12:35,1,114.2,114.2
TAUG00691,CFAKE0189,P014,9/11/23 5:06,1,26.26,26.26
TAUG00692,CFAKE0190,P052,9/29/23 14:41,2,354.81,709.62
TAUG00693,CFAKE0190,P082,4/25/23 3:05,1,55.99,55.99
TAUG00694,CFAKE0190,P021,10/8/23 22:04,1,335.84,335.84
TAUG00695,CFAKE0191,P080,11/17/23 10:34,3,303.5,910.5
TAUG00696,CFAKE0192,P008,8/26/23 17:50,3,146.85,440.55
TAUG00697,CFAKE0192,P043,9/30/23 8:08,2,404.4,808.8
TAUG00698,CFAKE0193,P094,8/31/23 0:22,2,447.34,894.68
TAUG00699,CFAKE0193,P035,8/17/23 6:08,3,30.59,91.77
TAUG00700,CFAKE0194,P055,4/5/23 13:17,2,128.53,257.06
TAUG00701,CFAKE0194,P097,8/29/23 17:45,3,319.34,958.02
TAUG00702,CFAKE0195,P007,5/22/23 11:46,1,420.15,420.15
TAUG00703,CFAKE0195,P001,10/29/23 4:00,1,169.3,169.3
TAUG00704,CFAKE0196,P054,8/30/23 11:21,1,57.3,57.3
TAUG00705,CFAKE0196,P014,2/7/24 7:05,3,26.26,78.78
TAUG00706,CFAKE0196,P042,9/14/23 11:45,1,379.44,379.44
TAUG00707,CFAKE0197,P071,7/22/24 3:25,3,127.36,382.08
TAUG00708,CFAKE0198,P038,11/17/23 17:06,2,147.22,294.44
TAUG00709,CFAKE0198,P082,7/5/24 11:25,2,55.99,111.98
TAUG00710,CFAKE0199,P018,11/30/23 21:56,2,436.89,873.78
TAUG00711,CFAKE0199,P091,4/29/23 6:54,3,222.95,668.85
TAUG00712,CFAKE0200,P014,4/10/24 23:52,2,26.26,52.52
TAUG00713,CFAKE0200,P008,2/2/24 20:45,1,146.85,146.85
TAUG00714,CFAKE0201,P093,2/3/24 12:32,2,304.94,609.88
TAUG00715,CFAKE0201,P040,2/4/24 9:52,2,153.19,306.38
TAUG00716,CFAKE0202,P011,11/23/23 2:14,1,261.2,261.2
TAUG00717,CFAKE0202,P011,3/4/24 1:45,3,261.2,783.6
TAUG00718,CFAKE0202,P041,6/27/24 23:03,3,456.28,1368.84
TAUG00719,CFAKE0203,P009,10/6/23 4:11,2,325.01,650.02
TAUG00720,CFAKE0203,P064,11/9/23 23:06,1,452.42,452.42
TAUG00721,CFAKE0204,P073,7/28/24 14:33,2,26.99,53.98
TAUG00722,CFAKE0205,P047,8/24/23 6:26,3,159.33,477.99
TAUG00723,CFAKE0205,P008,5/25/23 0:41,1,146.85,146.85
TAUG00724,CFAKE0206,P077,3/16/24 21:06,2,265.51,531.02
TAUG00725,CFAKE0207,P078,10/13/23 4:30,1,41.18,41.18
TAUG00726,CFAKE0207,P077,8/28/23 1:08,3,265.51,796.53
TAUG00727,CFAKE0208,P062,3/31/24 0:27,2,374.16,748.32
TAUG00728,CFAKE0208,P043,5/29/24 12:12,3,404.4,1213.2
TAUG00729,CFAKE0208,P025,2/25/24 16:36,1,284.62,284.62
TAUG00730,CFAKE0209,P060,3/6/24 3:31,1,155.65,155.65
TAUG00731,CFAKE0209,P003,2/21/24 3:32,2,44.12,88.24
TAUG00732,CFAKE0209,P028,3/26/24 4:05,1,235.58,235.58
TAUG00733,CFAKE0210,P007,7/5/24 12:27,1,420.15,420.15
TAUG00734,CFAKE0211,P088,12/30/23 17:33,3,263.55,790.65
TAUG00735,CFAKE0211,P036,3/1/24 15:44,2,372.55,745.1
TAUG00736,CFAKE0212,P008,6/23/23 14:06,3,146.85,440.55
TAUG00737,CFAKE0212,P048,6/14/23 12:50,1,416.4,416.4
TAUG00738,CFAKE0212,P088,11/24/23 10:41,2,263.55,527.1
TAUG00739,CFAKE0213,P049,6/14/24 1:27,3,147.95,443.85
TAUG00740,CFAKE0213,P037,4/28/24 5:44,3,459.86,1379.58
TAUG00741,CFAKE0214,P035,1/17/24 14:41,2,30.59,61.18
TAUG00742,CFAKE0214,P004,3/6/24 16:01,3,95.69,287.07
TAUG00743,CFAKE0215,P084,2/10/24 1:44,1,337.91,337.91
TAUG00744,CFAKE0216,P051,3/15/24 16:38,3,65.16,195.48
TAUG00745,CFAKE0216,P057,10/22/23 18:34,2,239.7,479.4
TAUG00746,CFAKE0217,P096,3/24/23 7:37,1,307.47,307.47
TAUG00747,CFAKE0217,P036,1/29/23 17:27,3,372.55,1117.65
TAUG00748,CFAKE0218,P052,11/27/23 6:51,2,354.81,709.62
TAUG00749,CFAKE0218,P077,3/4/24 23:17,3,265.51,796.53
TAUG00750,CFAKE0218,P060,2/8/24 19:09,2,155.65,311.3
TAUG00751,CFAKE0219,P049,3/20/23 23:52,3,147.95,443.85
TAUG00752,CFAKE0220,P078,5/21/24 4:23,3,41.18,123.54
TAUG00753,CFAKE0220,P016,1/21/24 15:15,2,330.05,660.1
TAUG00754,CFAKE0220,P095,2/4/24 15:33,2,227.26,454.52
TAUG00755,CFAKE0221,P017,11/20/23 23:31,1,469.77,469.77
TAUG00756,CFAKE0221,P039,7/13/23 2:35,1,430.59,430.59
TAUG00757,CFAKE0222,P098,5/13/24 9:31,1,299.93,299.93
TAUG00758,CFAKE0223,P076,6/18/23 3:26,2,429.29,858.58
TAUG00759,CFAKE0224,P067,1/16/24 23:24,3,300.68,902.04
TAUG00760,CFAKE0224,P001,12/26/23 1:03,2,169.3,338.6
TAUG00761,CFAKE0225,P082,8/12/24 14:48,3,55.99,167.97
TAUG00762,CFAKE0225,P084,9/27/24 7:49,3,337.91,1013.73
TAUG00763,CFAKE0226,P082,12/27/23 18:11,3,55.99,167.97
TAUG00764,CFAKE0227,P057,7/29/24 23:13,3,239.7,719.1
TAUG00765,CFAKE0228,P010,10/2/23 4:08,1,350.13,350.13
TAUG00766,CFAKE0229,P021,7/1/23 20:49,2,335.84,671.68
TAUG00767,CFAKE0229,P043,9/18/23 19:47,1,404.4,404.4
TAUG00768,CFAKE0230,P042,9/15/23 18:59,1,379.44,379.44
TAUG00769,CFAKE0231,P052,6/28/24 15:09,2,354.81,709.62
TAUG00770,CFAKE0232,P006,12/14/23 1:47,1,121.32,121.32
TAUG00771,CFAKE0233,P002,2/8/24 10:40,2,346.3,692.6
TAUG00772,CFAKE0233,P042,4/1/24 19:04,3,379.44,1138.32
TAUG00773,CFAKE0233,P059,12/13/23 22:09,1,303.2,303.2
TAUG00774,CFAKE0234,P012,5/19/24 8:59,1,159.6,159.6
TAUG00775,CFAKE0234,P032,7/23/24 11:26,1,488.63,488.63
TAUG00776,CFAKE0235,P040,7/8/23 10:21,3,153.19,459.57
TAUG00777,CFAKE0236,P007,8/19/23 17:25,1,420.15,420.15
TAUG00778,CFAKE0236,P022,11/15/23 22:02,3,137.54,412.62
TAUG00779,CFAKE0236,P084,6/9/23 16:13,2,337.91,675.82
TAUG00780,CFAKE0237,P053,3/5/24 6:29,3,274.94,824.82
TAUG00781,CFAKE0238,P021,12/14/23 9:44,1,335.84,335.84
TAUG00782,CFAKE0238,P072,8/20/23 16:57,1,399.34,399.34
TAUG00783,CFAKE0239,P003,5/11/23 10:31,3,44.12,132.36
TAUG00784,CFAKE0239,P012,8/3/23 14:40,2,159.6,319.2
TAUG00785,CFAKE0240,P042,1/16/24 3:03,1,379.44,379.44
TAUG00786,CFAKE0240,P067,12/18/23 0:29,1,300.68,300.68
TAUG00787,CFAKE0241,P065,5/26/24 15:35,3,427.61,1282.83
TAUG00788,CFAKE0242,P075,3/28/24 3:21,3,497.76,1493.28
TAUG00789,CFAKE0243,P030,6/10/24 4:19,3,277.86,833.58
TAUG00790,CFAKE0244,P029,3/28/24 19:50,3,433.64,1300.92
TAUG00791,CFAKE0245,P029,10/22/23 21:14,2,433.64,867.28
TAUG00792,CFAKE0246,P087,9/27/23 3:59,2,290.17,580.34
TAUG00793,CFAKE0246,P021,12/25/23 4:13,2,335.84,671.68
TAUG00794,CFAKE0246,P067,11/28/23 22:42,1,300.68,300.68
TAUG00795,CFAKE0247,P072,1/6/24 16:44,2,399.34,798.68
TAUG00796,CFAKE0247,P063,7/30/23 7:42,3,33.59,100.77
TAUG00797,CFAKE0248,P060,7/21/23 17:48,2,155.65,311.3
TAUG00798,CFAKE0249,P019,5/21/24 8:57,3,385.37,1156.11
TAUG00799,CFAKE0250,P005,8/29/23 19:57,3,429.31,1287.93
TAUG00800,CFAKE0250,P031,11/7/23 7:42,3,196.4,589.2
TAUG00801,CFAKE0251,P055,2/14/24 3:30,3,128.53,385.59
TAUG00802,CFAKE0252,P024,10/27/23 20:09,1,338.66,338.66
TAUG00803,CFAKE0252,P015,7/29/23 18:42,1,158.93,158.93
TAUG00804,CFAKE0252,P051,8/8/23 14:41,2,65.16,130.32
TAUG00805,CFAKE0253,P040,12/13/23 20:38,2,153.19,306.38
TAUG00806,CFAKE0254,P035,10/22/23 13:24,1,30.59,30.59
TAUG00807,CFAKE0255,P033,8/11/23 23:15,3,64.25,192.75
TAUG00808,CFAKE0256,P001,10/26/23 4:25,2,169.3,338.6
TAUG00809,CFAKE0257,P031,12/21/23 18:40,2,196.4,392.8
TAUG00810,CFAKE0258,P025,1/11/24 14:27,1,284.62,284.62
TAUG00811,CFAKE0258,P002,1/31/24 6:22,2,346.3,692.6
TAUG00812,CFAKE0259,P003,8/25/23 0:35,3,44.12,132.36
TAUG00813,CFAKE0259,P041,8/26/23 6:44,2,456.28,912.56
TAUG00814,CFAKE0260,P100,1/3/24 15:10,2,126.34,252.68
TAUG00815,CFAKE0261,P074,2/15/24 6:43,3,295.58,886.74
TAUG00816,CFAKE0261,P039,10/28/23 18:08,2,430.59,861.18
TAUG00817,CFAKE0262,P017,1/1/24 1:31,2,469.77,939.54
TAUG00818,CFAKE0263,P023,11/20/23 3:04,1,454.53,454.53
TAUG00819,CFAKE0263,P024,3/18/23 14:52,1,338.66,338.66
TAUG00820,CFAKE0264,P094,4/13/24 4:58,3,447.34,1342.02
TAUG00821,CFAKE0264,P018,7/5/24 18:08,3,436.89,1310.67
TAUG00822,CFAKE0265,P057,3/19/23 2:57,1,239.7,239.7
TAUG00823,CFAKE0266,P025,7/10/23 23:45,2,284.62,569.24
TAUG00824,CFAKE0266,P085,8/13/23 9:04,2,416.35,832.7
TAUG00825,CFAKE0266,P007,6/4/23 23:41,1,420.15,420.15
TAUG00826,CFAKE0267,P029,5/30/23 7:33,2,433.64,867.28
TAUG00827,CFAKE0267,P049,4/22/23 0:03,1,147.95,147.95
TAUG00828,CFAKE0267,P008,11/5/23 15:14,1,146.85,146.85
TAUG00829,CFAKE0268,P019,3/12/24 11:06,1,385.37,385.37
TAUG00830,CFAKE0268,P097,7/25/24 0:30,1,319.34,319.34
TAUG00831,CFAKE0269,P053,4/8/24 15:41,3,274.94,824.82
TAUG00832,CFAKE0269,P006,12/5/23 12:25,2,121.32,242.64
TAUG00833,CFAKE0270,P078,11/30/23 19:58,1,41.18,41.18
TAUG00834,CFAKE0270,P030,4/29/23 23:24,2,277.86,555.72
TAUG00835,CFAKE0270,P070,9/26/23 16:33,1,48.69,48.69
TAUG00836,CFAKE0271,P054,11/25/23 12:33,2,57.3,114.6
TAUG00837,CFAKE0271,P070,12/24/23 7:46,1,48.69,48.69
TAUG00838,CFAKE0271,P065,9/20/23 5:23,2,427.61,855.22
TAUG00839,CFAKE0272,P076,4/16/24 14:17,3,429.29,1287.87
TAUG00840,CFAKE0273,P038,11/1/23 6:54,3,147.22,441.66
TAUG00841,CFAKE0273,P038,10/30/23 22:02,3,147.22,441.66
TAUG00842,CFAKE0273,P017,5/22/24 2:50,1,469.77,469.77
TAUG00843,CFAKE0274,P078,8/27/24 16:36,1,41.18,41.18
TAUG00844,CFAKE0274,P030,2/3/24 9:49,3,277.86,833.58
TAUG00845,CFAKE0274,P084,5/2/24 10:53,2,337.91,675.82
TAUG00846,CFAKE0275,P038,5/1/23 0:15,3,147.22,441.66
TAUG00847,CFAKE0275,P090,9/27/23 19:43,1,165.3,165.3
TAUG00848,CFAKE0276,P069,12/26/23 12:40,1,100.81,100.81
TAUG00849,CFAKE0276,P025,2/28/24 3:36,1,284.62,284.62
TAUG00850,CFAKE0277,P077,8/19/24 10:43,3,265.51,796.53
TAUG00851,CFAKE0277,P016,5/18/24 4:04,3,330.05,990.15
TAUG00852,CFAKE0278,P011,12/28/23 8:30,1,261.2,261.2
TAUG00853,CFAKE0278,P035,12/21/23 13:31,2,30.59,61.18
TAUG00854,CFAKE0279,P046,1/6/24 1:06,3,366.07,1098.21
TAUG00855,CFAKE0279,P086,9/5/23 0:32,1,440.7,440.7
TAUG00856,CFAKE0279,P031,11/12/23 5:09,3,196.4,589.2
TAUG00857,CFAKE0280,P070,1/31/24 0:13,3,48.69,146.07
TAUG00858,CFAKE0281,P004,7/7/23 22:46,1,95.69,95.69
TAUG00859,CFAKE0281,P072,2/28/24 3:06,1,399.34,399.34
TAUG00860,CFAKE0282,P075,6/12/24 3:08,3,497.76,1493.28
TAUG00861,CFAKE0282,P026,6/5/24 18:05,1,64.38,64.38
TAUG00862,CFAKE0283,P076,4/24/23 10:13,1,429.29,429.29
TAUG00863,CFAKE0284,P086,4/15/24 11:58,3,440.7,1322.1
TAUG00864,CFAKE0285,P020,2/23/23 1:22,2,396.34,792.68
TAUG00865,CFAKE0286,P025,12/30/23 23:16,3,284.62,853.86
TAUG00866,CFAKE0287,P043,6/24/24 17:36,1,404.4,404.4
TAUG00867,CFAKE0287,P098,10/22/23 13:43,3,299.93,899.79
TAUG00868,CFAKE0288,P018,10/10/23 11:15,2,436.89,873.78
TAUG00869,CFAKE0288,P087,8/7/23 10:05,3,290.17,870.51
TAUG00870,CFAKE0289,P081,6/4/24 15:08,2,66.32,132.64
TAUG00871,CFAKE0289,P002,4/14/24 3:06,1,346.3,346.3
TAUG00872,CFAKE0290,P025,11/5/23 4:23,3,284.62,853.86
TAUG00873,CFAKE0291,P060,3/28/23 7:48,1,155.65,155.65
TAUG00874,CFAKE0292,P056,1/9/24 4:29,1,16.08,16.08
TAUG00875,CFAKE0293,P095,6/27/23 16:08,1,227.26,227.26
TAUG00876,CFAKE0294,P094,4/6/24 0:23,3,447.34,1342.02
TAUG00877,CFAKE0295,P012,9/29/23 9:28,1,159.6,159.6
TAUG00878,CFAKE0296,P061,8/22/23 15:06,1,156.96,156.96
TAUG00879,CFAKE0297,P058,7/18/24 18:28,3,157.62,472.86
TAUG00880,CFAKE0298,P059,6/22/23 6:11,2,303.2,606.4
TAUG00881,CFAKE0299,P037,8/3/24 7:38,1,459.86,459.86
TAUG00882,CFAKE0300,P092,9/23/23 6:45,3,389.2,1167.6
TAUG00883,CFAKE0300,P016,9/25/23 17:33,1,330.05,330.05
TAUG00884,CFAKE0300,P097,5/6/24 0:25,1,319.34,319.34